source_sheet,source,journal.pub.year,impact_factor,citable_items,avg_citable_2yr
1999,Acta oecologica-international journal of ecology,1999,0.8209999999999998,63,55
2000,Acta oecologica-international journal of ecology,2000,0.672,34,59.5
2001,Acta oecologica-international journal of ecology,2001,0.979,34,48.5
2002,Acta oecologica-international journal of ecology,2002,0.824,43,34
2003,Acta oecologica-international journal of ecology,2003,1.143,74,38.5
2004,Acta oecologica-international journal of ecology,2004,1.034,56,58.5
2005,Acta oecologica-international journal of ecology,2005,1.077,66,65
2006,Acta oecologica-international journal of ecology,2006,1.32,91,61
2007,Acta oecologica-international journal of ecology,2007,1.306,80,78.5
2008,Acta oecologica-international journal of ecology,2008,1.456,89,85.5
2009,Acta oecologica-international journal of ecology,2009,1.609,109,84.5
2010,Acta oecologica-international journal of ecology,2010,1.46,91,99
2011,Acta oecologica-international journal of ecology,2011,1.57,86,100
2012,Acta oecologica-international journal of ecology,2012,1.621,96,88.5
2013,Acta oecologica-international journal of ecology,2013,1.841,87,91
2014,Acta oecologica-international journal of ecology,2014,1.617,94,91.5
2015,Acta oecologica-international journal of ecology,2015,1.42,70,90.5
2016,Acta oecologica-international journal of ecology,2016,1.652,99,82
2017,Acta oecologica-international journal of ecology,2017,1.615,79,84.5
2018,Acta oecologica-international journal of ecology,2018,1.478,98,89
2019,Acta oecologica-international journal of ecology,2019,1.22,80,88.5
2020,Acta oecologica-international journal of ecology,2020,1.674,106,89
2021,Acta oecologica-international journal of ecology,2021,1.93,95,93
2022,Acta oecologica-international journal of ecology,2022,1.8,50,100.5
2023,Acta oecologica-international journal of ecology,2023,1.3,49,72.5
2024,Acta oecologica-international journal of ecology,2024,1.5,52,49.5
1999,Agriculture ecosystems & environment,1999,0.975,97,121
2000,Agriculture ecosystems & environment,2000,0.903,142,103
2001,Agriculture ecosystems & environment,2001,1.297,110,119.5
2002,Agriculture ecosystems & environment,2002,1.369,156,126
2003,Agriculture ecosystems & environment,2003,1.444,211,133
2004,Agriculture ecosystems & environment,2004,1.207,153,183.5
2005,Agriculture ecosystems & environment,2005,1.495,241,182
2006,Agriculture ecosystems & environment,2006,1.832,201,197
2007,Agriculture ecosystems & environment,2007,2.308,213,221
2008,Agriculture ecosystems & environment,2008,2.884,186,207
2009,Agriculture ecosystems & environment,2009,3.13,224,199.5
2010,Agriculture ecosystems & environment,2010,2.79,250,205
2011,Agriculture ecosystems & environment,2011,3.004,212,237
2012,Agriculture ecosystems & environment,2012,2.859,266,231
2013,Agriculture ecosystems & environment,2013,3.203,237,239
2014,Agriculture ecosystems & environment,2014,3.402,329,251.5
2015,Agriculture ecosystems & environment,2015,3.564,296,283
2016,Agriculture ecosystems & environment,2016,4.099,486,312.5
2017,Agriculture ecosystems & environment,2017,3.541,359,391
2018,Agriculture ecosystems & environment,2018,3.954,371,422.5
2019,Agriculture ecosystems & environment,2019,4.241,281,365
2020,Agriculture ecosystems & environment,2020,5.567,314,326
2021,Agriculture ecosystems & environment,2021,6.576,447,297.5
2022,Agriculture ecosystems & environment,2022,6.6,367,380.5
2023,Agriculture ecosystems & environment,2023,6,391,407
2024,Agriculture ecosystems & environment,2024,6.4,428,379
1999,American historical review,1999,1.566,39,26.5
2000,American historical review,2000,1.217,39,34.5
2001,American historical review,2001,1,34,39
2002,American historical review,2002,0.849,26,36.5
2003,American historical review,2003,0.883,27,30
2004,American historical review,2004,1.642,26,26.5
2005,American historical review,2005,1.623,20,26.5
2006,American historical review,2006,1.348,22,23
2007,American historical review,2007,1.476,24,21
2008,American historical review,2008,2.152,20,23
2009,American historical review,2009,2.114,23,22
2010,American historical review,2010,1.907,35,21.5
2011,American historical review,2011,1.103,31,29
2012,American historical review,2012,1,17,33
2013,American historical review,2013,1.293,25,24
2014,American historical review,2014,2.615,34,21
2015,American historical review,2015,1.339,42,29.5
2016,American historical review,2016,1.145,23,38
2017,American historical review,2017,1.73,25,32.5
2018,American historical review,2018,1.456,41,24
2019,American historical review,2019,1.894,42,33
2020,American historical review,2020,1.928,46,41.5
2021,American historical review,2021,1.807,31,44
2022,American historical review,2022,1.5,31,38.5
2023,American historical review,2023,1.9,81,31
2024,American historical review,2024,1.2,67,56
1999,Annals of the new york academy of sciences,1999,0.964,1034,1172.5
2000,Annals of the new york academy of sciences,2000,1.381,684,1250
2001,Annals of the new york academy of sciences,2001,1.593,627,859
2002,Annals of the new york academy of sciences,2002,1.682,1149,655.5
2003,Annals of the new york academy of sciences,2003,1.892,1019,888
2004,Annals of the new york academy of sciences,2004,1.789,677,1084
2005,Annals of the new york academy of sciences,2005,1.971,811,848
2006,Annals of the new york academy of sciences,2006,1.93,836,744
2007,Annals of the new york academy of sciences,2007,1.731,NA,823.5
2019,Annals of the new york academy of sciences,2019,4.728,180,1038
2020,Annals of the new york academy of sciences,2020,5.691,295,640.5
2021,Annals of the new york academy of sciences,2021,6.499,149,237.5
2022,Annals of the new york academy of sciences,2022,5.2,180,222
2023,Annals of the new york academy of sciences,2023,4.1,117,164.5
2024,Annals of the new york academy of sciences,2024,4.8,154,148.5
2006,Annual review of ecology evolution and systematics,2006,9.784,23,25.5
2007,Annual review of ecology evolution and systematics,2007,10.34,33,25
2008,Annual review of ecology evolution and systematics,2008,10.161,30,28
2009,Annual review of ecology evolution and systematics,2009,8.19,33,31.5
2000,Aquatic conservation-marine and freshwater ecosystems,2000,0.99,25,47.5
2001,Aquatic conservation-marine and freshwater ecosystems,2001,0.823,39,39.5
2002,Aquatic conservation-marine and freshwater ecosystems,2002,1.094,42,32
2003,Aquatic conservation-marine and freshwater ecosystems,2003,0.951,37,40.5
2004,Aquatic conservation-marine and freshwater ecosystems,2004,1.759,47,39.5
2005,Aquatic conservation-marine and freshwater ecosystems,2005,1.833,56,42
2006,Aquatic conservation-marine and freshwater ecosystems,2006,1.35,48,51.5
2007,Aquatic conservation-marine and freshwater ecosystems,2007,1.24,57,52
2008,Aquatic conservation-marine and freshwater ecosystems,2008,1.619,107,52.5
2009,Aquatic conservation-marine and freshwater ecosystems,2009,1.476,81,82
2010,Aquatic conservation-marine and freshwater ecosystems,2010,1.968,89,94
2011,Aquatic conservation-marine and freshwater ecosystems,2011,1.929,68,85
2012,Aquatic conservation-marine and freshwater ecosystems,2012,1.917,68,78.5
2013,Aquatic conservation-marine and freshwater ecosystems,2013,1.756,73,68
2014,Aquatic conservation-marine and freshwater ecosystems,2014,2.136,86,70.5
2015,Aquatic conservation-marine and freshwater ecosystems,2015,2.415,60,79.5
2016,Aquatic conservation-marine and freshwater ecosystems,2016,3.13,108,73
2017,Aquatic conservation-marine and freshwater ecosystems,2017,2.988,123,84
2018,Aquatic conservation-marine and freshwater ecosystems,2018,2.935,134,115.5
2019,Aquatic conservation-marine and freshwater ecosystems,2019,2.572,216,128.5
2020,Aquatic conservation-marine and freshwater ecosystems,2020,2.771,246,175
2021,Aquatic conservation-marine and freshwater ecosystems,2021,3.258,252,231
2022,Aquatic conservation-marine and freshwater ecosystems,2022,2.4,131,249
2023,Aquatic conservation-marine and freshwater ecosystems,2023,2.5,129,191.5
2024,Aquatic conservation-marine and freshwater ecosystems,2024,2.2,187,130
1999,Arctic anthropology,1999,0.164,10,24.5
2000,Arctic anthropology,2000,0.13,6,17
2001,Arctic anthropology,2001,0.208,6,8
2002,Arctic anthropology,2002,0.032,0,6
2003,Arctic anthropology,2003,0.28,7,3
2004,Arctic anthropology,2004,0.094,6,3.5
2005,Arctic anthropology,2005,0.17,14,6.5
2006,Arctic anthropology,2006,0.189,5,10
2007,Arctic anthropology,2007,0.231,6,9.5
2008,Arctic anthropology,2008,0.625,6,5.5
2009,Arctic anthropology,2009,0.5,16,6
2010,Arctic anthropology,2010,0.4,18,11
2011,Arctic anthropology,2011,0.324,15,17
2012,Arctic anthropology,2012,0.212,8,16.5
2013,Arctic anthropology,2013,0.275,12,11.5
2014,Arctic anthropology,2014,0.243,6,10
2015,Arctic anthropology,2015,0.292,6,9
2016,Arctic anthropology,2016,0.458,7,6
2017,Arctic anthropology,2017,0.286,8,6.5
2018,Arctic anthropology,2018,0.531,8,7.5
2019,Arctic anthropology,2019,0.188,7,8
2020,Arctic anthropology,2020,0.696,12,7.5
2021,Arctic anthropology,2021,1.211,6,9.5
2022,Arctic anthropology,2022,0.5,0,9
2024,Arctic anthropology,2024,0.7,6,3
2011,Acta botanica mexicana,2011,0.204,29,27
2012,Acta botanica mexicana,2012,0.305,33,29.5
2013,Acta botanica mexicana,2013,0.629,27,31
2014,Acta botanica mexicana,2014,0.6,30,30
2015,Acta botanica mexicana,2015,0.351,26,28.5
2016,Acta botanica mexicana,2016,0.625,27,28
2017,Acta botanica mexicana,2017,0.377,29,26.5
2018,Acta botanica mexicana,2018,0.661,39,28
2019,Acta botanica mexicana,2019,0.691,60,34
2020,Acta botanica mexicana,2020,0.96,37,49.5
2021,Acta botanica mexicana,2021,0.8149999999999998,60,48.5
2022,Acta botanica mexicana,2022,0.8,60,48.5
2023,Acta botanica mexicana,2023,0.7,50,60
2024,Acta botanica mexicana,2024,0.8,58,55
2012,Annals of the new york academy of sciences,2012,4.364,405,569
2013,Annals of the new york academy of sciences,2013,4.039,275,426
2014,Annals of the new york academy of sciences,2014,4.383,246,340
2015,Annals of the new york academy of sciences,2015,4.518,295,260.5
2016,Annals of the new york academy of sciences,2016,4.706,245,270.5
2017,Annals of the new york academy of sciences,2017,4.277,209,270
2018,Annals of the new york academy of sciences,2018,4.295,277,227
2012,Annual review of ecology evolution and systematics,2012,10.375,21,20
2013,Annual review of ecology evolution and systematics,2013,10.977,27,21.5
2014,Annual review of ecology evolution and systematics,2014,10.562,27,24
2015,Annual review of ecology evolution and systematics,2015,9.352,28,27
2016,Annual review of ecology evolution and systematics,2016,10.182,22,27.5
2017,Annual review of ecology evolution and systematics,2017,10.16,27,25
2018,Annual review of ecology evolution and systematics,2018,10.878,22,24.5
2019,Annual review of ecology evolution and systematics,2019,14.041,25,24.5
2020,Annual review of ecology evolution and systematics,2020,13.915,25,23.5
2021,Annual review of ecology evolution and systematics,2021,14.34,29,25
2022,Annual review of ecology evolution and systematics,2022,11.8,20,27
2023,Annual review of ecology evolution and systematics,2023,11.2,22,24.5
2024,Annual review of ecology evolution and systematics,2024,11.4,21,21
2007,Bioacoustics-the international journal of animal sound and its recording,2007,1.263,8,9.5
2008,Bioacoustics-the international journal of animal sound and its recording,2008,0.722,12,9
2009,Bioacoustics-the international journal of animal sound and its recording,2009,1.05,9,10
2010,Bioacoustics-the international journal of animal sound and its recording,2010,1.619,10,10.5
2011,Bioacoustics-the international journal of animal sound and its recording,2011,0.895,6,9.5
2012,Bioacoustics-the international journal of animal sound and its recording,2012,0.889,11,8
2013,Bioacoustics-the international journal of animal sound and its recording,2013,0.727,16,8.5
2014,Bioacoustics-the international journal of animal sound and its recording,2014,1.5,17,13.5
2015,Bioacoustics-the international journal of animal sound and its recording,2015,1.364,20,16.5
2016,Bioacoustics-the international journal of animal sound and its recording,2016,1.297,20,18.5
2017,Bioacoustics-the international journal of animal sound and its recording,2017,2.2,21,20
2018,Bioacoustics-the international journal of animal sound and its recording,2018,1.78,24,20.5
2019,Bioacoustics-the international journal of animal sound and its recording,2019,2.222,36,22.5
2020,Bioacoustics-the international journal of animal sound and its recording,2020,2.217,78,30
2021,Bioacoustics-the international journal of animal sound and its recording,2021,2.054,42,57
2022,Bioacoustics-the international journal of animal sound and its recording,2022,1.8,24,60
2023,Bioacoustics-the international journal of animal sound and its recording,2023,1.5,25,33
2024,Bioacoustics-the international journal of animal sound and its recording,2024,2.1,27,24.5
2009,Bmc biology,2009,5.636,84,51.5
2010,Bmc biology,2010,5.203,96,67
2011,Bmc biology,2011,5.75,48,90
2012,Bmc biology,2012,6.531,59,72
2013,Bmc biology,2013,7.431,68,53.5
2014,Bmc biology,2014,7.984,87,63.5
2015,Bmc biology,2015,6.967,92,77.5
2016,Bmc biology,2016,6.779,94,89.5
2017,Bmc biology,2017,5.77,105,93
2018,Bmc biology,2018,6.723,116,99.5
2019,Bmc biology,2019,6.765,100,110.5
2020,Bmc biology,2020,7.431,187,108
2021,Bmc biology,2021,7.364,251,143.5
2022,Bmc biology,2022,5.4,283,219
2023,Bmc biology,2023,4.4,279,267
2024,Bmc biology,2024,4.5,293,281
2012,Bmc veterinary research,2012,1.861,241,67
2013,Bmc veterinary research,2013,1.743,265,159
2014,Bmc veterinary research,2014,1.777,309,253
2015,Bmc veterinary research,2015,1.643,311,287
2016,Bmc veterinary research,2016,1.75,283,310
2017,Bmc veterinary research,2017,1.958,396,297
2018,Bmc veterinary research,2018,1.792,409,339.5
2019,Bmc veterinary research,2019,1.835,471,402.5
2020,Bmc veterinary research,2020,2.741,476,440
2021,Bmc veterinary research,2021,2.792,380,473.5
2022,Bmc veterinary research,2022,2.6,448,428
2023,Bmc veterinary research,2023,2.3,269,414
2024,Bmc veterinary research,2024,2.6,576,358.5
1999,Brain behavior and evolution,1999,1.65,45,50
2000,Brain behavior and evolution,2000,1.381,43,46.5
2001,Brain behavior and evolution,2001,1.635,37,44
2002,Brain behavior and evolution,2002,1.618,45,40
2003,Brain behavior and evolution,2003,1.543,37,41
2004,Brain behavior and evolution,2004,1.954,36,41
2005,Brain behavior and evolution,2005,1.986,41,36.5
2006,Brain behavior and evolution,2006,2.195,34,38.5
2007,Brain behavior and evolution,2007,1.453,43,37.5
2008,Brain behavior and evolution,2008,2.714,47,38.5
2009,Brain behavior and evolution,2009,2.733,46,45
2010,Brain behavior and evolution,2010,1.968,47,46.5
2011,Brain behavior and evolution,2011,2.215,40,46.5
2012,Brain behavior and evolution,2012,2.885,40,43.5
2013,Brain behavior and evolution,2013,4.288,35,40
2014,Brain behavior and evolution,2014,2.013,43,37.5
2015,Brain behavior and evolution,2015,2.103,39,39
2016,Brain behavior and evolution,2016,1.915,33,41
2017,Brain behavior and evolution,2017,1.65,42,36
2018,Brain behavior and evolution,2018,1.542,25,37.5
2019,Brain behavior and evolution,2019,1.875,16,33.5
2020,Brain behavior and evolution,2020,1.808,15,20.5
2021,Brain behavior and evolution,2021,1.919,24,15.5
2022,Brain behavior and evolution,2022,1.7,38,19.5
2023,Brain behavior and evolution,2023,2.1,14,31
2024,Brain behavior and evolution,2024,1.9,25,26
1999,Canadian journal of public health-revue canadienne de sante publique,1999,0.584,99,83
2000,Canadian journal of public health-revue canadienne de sante publique,2000,0.667,102,94.5
2001,Canadian journal of public health-revue canadienne de sante publique,2001,0.512,99,100.5
2002,Canadian journal of public health-revue canadienne de sante publique,2002,0.602,106,100.5
2003,Canadian journal of public health-revue canadienne de sante publique,2003,0.624,76,102.5
2004,Canadian journal of public health-revue canadienne de sante publique,2004,0.566,89,91
2005,Canadian journal of public health-revue canadienne de sante publique,2005,0.976,102,82.5
2006,Canadian journal of public health-revue canadienne de sante publique,2006,1.157,105,95.5
2007,Canadian journal of public health-revue canadienne de sante publique,2007,1.261,95,103.5
2008,Canadian journal of public health-revue canadienne de sante publique,2008,1.005,91,100
2009,Canadian journal of public health-revue canadienne de sante publique,2009,1.349,70,93
2010,Canadian journal of public health-revue canadienne de sante publique,2010,1.385,106,80.5
2011,Canadian journal of public health-revue canadienne de sante publique,2011,1.021,72,88
2012,Canadian journal of public health-revue canadienne de sante publique,2012,1.399,38,89
2013,Canadian journal of public health-revue canadienne de sante publique,2013,1.094,0,55
2014,Canadian journal of public health-revue canadienne de sante publique,2014,1.293,59,19
2015,Canadian journal of public health-revue canadienne de sante publique,2015,1.466,63,29.5
2016,Canadian journal of public health-revue canadienne de sante publique,2016,1.343,71,61
2017,Canadian journal of public health-revue canadienne de sante publique,2017,1.488,77,67
2018,Canadian journal of public health-revue canadienne de sante publique,2018,1.248,86,74
2019,Canadian journal of public health-revue canadienne de sante publique,2019,1.638,68,81.5
2020,Canadian journal of public health-revue canadienne de sante publique,2020,2.448,118,77
2021,Canadian journal of public health-revue canadienne de sante publique,2021,4.645,102,93
2022,Canadian journal of public health-revue canadienne de sante publique,2022,4.3,107,110
2023,Canadian journal of public health-revue canadienne de sante publique,2023,2.9,77,104.5
2024,Canadian journal of public health-revue canadienne de sante publique,2024,2.6,116,92
1999,Canadian public policy-analyse de politiques,1999,0.232,38,32
2000,Canadian public policy-analyse de politiques,2000,0.322,50,43.5
2001,Canadian public policy-analyse de politiques,2001,0.193,27,44
2002,Canadian public policy-analyse de politiques,2002,0.377,43,38.5
2003,Canadian public policy-analyse de politiques,2003,0.243,30,35
2004,Canadian public policy-analyse de politiques,2004,0.284,17,36.5
2005,Canadian public policy-analyse de politiques,2005,0.295,22,23.5
2006,Canadian public policy-analyse de politiques,2006,0.4,17,19.5
2007,Canadian public policy-analyse de politiques,2007,0.07,23,19.5
2008,Canadian public policy-analyse de politiques,2008,0.24,38,20
2009,Canadian public policy-analyse de politiques,2009,0.269,27,30.5
2010,Canadian public policy-analyse de politiques,2010,0.215,28,32.5
2011,Canadian public policy-analyse de politiques,2011,0.382,24,27.5
2012,Canadian public policy-analyse de politiques,2012,0.577,19,26
2013,Canadian public policy-analyse de politiques,2013,0.62,46,21.5
2014,Canadian public policy-analyse de politiques,2014,0.625,34,32.5
2015,Canadian public policy-analyse de politiques,2015,0.475,44,40
2016,Canadian public policy-analyse de politiques,2016,0.679,41,39
2017,Canadian public policy-analyse de politiques,2017,0.647,38,42.5
2018,Canadian public policy-analyse de politiques,2018,0.899,38,39.5
2019,Canadian public policy-analyse de politiques,2019,0.776,25,38
2020,Canadian public policy-analyse de politiques,2020,1.079,56,31.5
2021,Canadian public policy-analyse de politiques,2021,3.235,35,40.5
2022,Canadian public policy-analyse de politiques,2022,3.1,35,45.5
2023,Canadian public policy-analyse de politiques,2023,1.7,28,35
2024,Canadian public policy-analyse de politiques,2024,1.4,31,31.5
2006,Climate policy,2006,0.339,30,28
2007,Climate policy,2007,0.667,27,37
2008,Climate policy,2008,1.135,48,28.5
2009,Climate policy,2009,1.402,44,37.5
2010,Climate policy,2010,1.63,45,46
2011,Climate policy,2011,1.112,39,44.5
2012,Climate policy,2012,1.536,52,42
2013,Climate policy,2013,1.703,62,45.5
2014,Climate policy,2014,1.675,39,57
2015,Climate policy,2015,1.98,44,50.5
2016,Climate policy,2016,2.735,57,41.5
2017,Climate policy,2017,3.832,74,50.5
2018,Climate policy,2018,4.797,107,65.5
2019,Climate policy,2019,4.011,104,90.5
2020,Climate policy,2020,5.085,132,105.5
2021,Climate policy,2021,6.056,83,118
2022,Climate policy,2022,7.1,108,107.5
2023,Climate policy,2023,5.3,103,95.5
2024,Climate policy,2024,5.2,120,105.5
2005,Comparative biochemistry and physiology a-molecular & integrative physiology,2005,1.351,179,209.5
2006,Comparative biochemistry and physiology a-molecular & integrative physiology,2006,1.553,193,190
2007,Comparative biochemistry and physiology a-molecular & integrative physiology,2007,1.863,322,186
2008,Comparative biochemistry and physiology a-molecular & integrative physiology,2008,1.709,203,257.5
2009,Comparative biochemistry and physiology a-molecular & integrative physiology,2009,2.196,216,262.5
2010,Comparative biochemistry and physiology a-molecular & integrative physiology,2010,2.134,189,209.5
2011,Comparative biochemistry and physiology a-molecular & integrative physiology,2011,2.235,188,202.5
2012,Comparative biochemistry and physiology a-molecular & integrative physiology,2012,2.167,168,188.5
2013,Comparative biochemistry and physiology a-molecular & integrative physiology,2013,2.371,214,178
2014,Comparative biochemistry and physiology a-molecular & integrative physiology,2014,1.966,122,191
2015,Comparative biochemistry and physiology a-molecular & integrative physiology,2015,2.039,202,168
2016,Comparative biochemistry and physiology a-molecular & integrative physiology,2016,1.812,147,162
2017,Comparative biochemistry and physiology a-molecular & integrative physiology,2017,2.258,171,174.5
2018,Comparative biochemistry and physiology a-molecular & integrative physiology,2018,2.142,94,159
2019,Comparative biochemistry and physiology a-molecular & integrative physiology,2019,1.966,181,132.5
2020,Comparative biochemistry and physiology a-molecular & integrative physiology,2020,2.32,131,137.5
2021,Comparative biochemistry and physiology a-molecular & integrative physiology,2021,2.888,214,156
2022,Comparative biochemistry and physiology a-molecular & integrative physiology,2022,2.3,125,172.5
2023,Comparative biochemistry and physiology a-molecular & integrative physiology,2023,2.1,104,169.5
2024,Comparative biochemistry and physiology a-molecular & integrative physiology,2024,2.2,143,114.5
2000,Comparative biochemistry and physiology a-molecular and integrative physiol,2000,0.883,143,221.5
2001,Comparative biochemistry and physiology a-molecular and integrative physiol,2001,1.026,244,155.5
2002,Comparative biochemistry and physiology a-molecular and integrative physiol,2002,1.274,251,193.5
1999,Comparative immunology microbiology and infectious diseases,1999,0.632,23,30.5
2000,Comparative immunology microbiology and infectious diseases,2000,0.902,24,25.5
2001,Comparative immunology microbiology and infectious diseases,2001,0.83,21,23.5
2002,Comparative immunology microbiology and infectious diseases,2002,0.844,32,22.5
2003,Comparative immunology microbiology and infectious diseases,2003,0.774,34,26.5
2004,Comparative immunology microbiology and infectious diseases,2004,1.015,39,33
2005,Comparative immunology microbiology and infectious diseases,2005,1.562,30,36.5
2006,Comparative immunology microbiology and infectious diseases,2006,2,28,34.5
2007,Comparative immunology microbiology and infectious diseases,2007,0.81,33,29
2008,Comparative immunology microbiology and infectious diseases,2008,1.607,37,30.5
2009,Comparative immunology microbiology and infectious diseases,2009,2.986,39,35
2010,Comparative immunology microbiology and infectious diseases,2010,3.605,44,38
2011,Comparative immunology microbiology and infectious diseases,2011,2.337,60,41.5
2012,Comparative immunology microbiology and infectious diseases,2012,1.808,71,52
2013,Comparative immunology microbiology and infectious diseases,2013,2.107,62,65.5
2014,Comparative immunology microbiology and infectious diseases,2014,2.015,44,66.5
2015,Comparative immunology microbiology and infectious diseases,2015,1.943,44,53
2016,Comparative immunology microbiology and infectious diseases,2016,1.875,68,44
2017,Comparative immunology microbiology and infectious diseases,2017,1.92,64,56
2018,Comparative immunology microbiology and infectious diseases,2018,1.871,53,66
2019,Comparative immunology microbiology and infectious diseases,2019,1.573,145,58.5
2020,Comparative immunology microbiology and infectious diseases,2020,2.268,132,99
2021,Comparative immunology microbiology and infectious diseases,2021,2.729,118,138.5
2022,Comparative immunology microbiology and infectious diseases,2022,2,91,125
2023,Comparative immunology microbiology and infectious diseases,2023,2,90,104.5
2024,Comparative immunology microbiology and infectious diseases,2024,2,86,90.5
2021,Communications biology,2021,6.548,1297,590
2022,Communications biology,2022,5.9,1305,1019.5
2023,Communications biology,2023,5.2,NA,1301
2008,Comparative biochemistry and physiology d-genomics & proteomics,2008,1.543,31,40.5
2009,Comparative biochemistry and physiology d-genomics & proteomics,2009,1.758,34,33
2010,Comparative biochemistry and physiology d-genomics & proteomics,2010,1.8,37,32.5
2011,Comparative biochemistry and physiology d-genomics & proteomics,2011,1.718,43,35.5
2012,Comparative biochemistry and physiology d-genomics & proteomics,2012,2.875,36,40
2013,Comparative biochemistry and physiology d-genomics & proteomics,2013,2.823,37,39.5
2014,Comparative biochemistry and physiology d-genomics & proteomics,2014,2.055,26,36.5
2015,Comparative biochemistry and physiology d-genomics & proteomics,2015,2.254,30,31.5
2016,Comparative biochemistry and physiology d-genomics & proteomics,2016,2.857,50,28
2017,Comparative biochemistry and physiology d-genomics & proteomics,2017,2.913,46,40
2018,Comparative biochemistry and physiology d-genomics & proteomics,2018,2.573,49,48
2019,Comparative biochemistry and physiology d-genomics & proteomics,2019,3.011,95,47.5
2020,Comparative biochemistry and physiology d-genomics & proteomics,2020,2.674,75,72
2021,Comparative biochemistry and physiology d-genomics & proteomics,2021,3.306,135,85
2022,Comparative biochemistry and physiology d-genomics & proteomics,2022,3,73,105
2023,Comparative biochemistry and physiology d-genomics & proteomics,2023,2.2,96,104
2024,Comparative biochemistry and physiology d-genomics & proteomics,2024,2.4,177,84.5
2022,Curator-the museum journal,2022,1,48,41.5
2023,Curator-the museum journal,2023,1,41,47.5
2024,Curator-the museum journal,2024,0.6,65,44.5
2012,Current issues in tourism,2012,1.307,53,37.5
2013,Current issues in tourism,2013,0.958,45,48
2014,Current issues in tourism,2014,0.918,60,49
2015,Current issues in tourism,2015,1.733,73,52.5
2016,Current issues in tourism,2016,2.451,85,66.5
2017,Current issues in tourism,2017,3.462,110,79
2018,Current issues in tourism,2018,3.395,122,97.5
2019,Current issues in tourism,2019,4.147,157,116
2020,Current issues in tourism,2020,7.43,432,139.5
2021,Current issues in tourism,2021,7.578,258,294.5
2022,Current issues in tourism,2022,8,270,345
2023,Current issues in tourism,2023,5.7,282,264
2024,Current issues in tourism,2024,4.6,346,276
2022,Dance research journal,2022,0.6,14,18
2023,Dance research journal,2023,0.4,7,16.5
2024,Dance research journal,2024,0.4,4,10.5
1999,Deep-sea research part ii-topical studies in oceanography,1999,0.679,117,84.5
2000,Deep-sea research part ii-topical studies in oceanography,2000,0.755,131,108
2001,Deep-sea research part ii-topical studies in oceanography,2001,1.161,190,124
2002,Deep-sea research part ii-topical studies in oceanography,2002,1.162,304,160.5
2003,Deep-sea research part ii-topical studies in oceanography,2003,1.182,160,247
2004,Deep-sea research part ii-topical studies in oceanography,2004,1.537,175,232
2005,Deep-sea research part ii-topical studies in oceanography,2005,1.278,183,167.5
2006,Deep-sea research part ii-topical studies in oceanography,2006,1.358,171,179
2007,Deep-sea research part ii-topical studies in oceanography,2007,1.172,172,177
2008,Deep-sea research part ii-topical studies in oceanography,2008,1.411,202,171.5
2009,Deep-sea research part ii-topical studies in oceanography,2009,1.965,237,187
2010,Deep-sea research part ii-topical studies in oceanography,2010,1.67,182,219.5
2011,Deep-sea research part ii-topical studies in oceanography,2011,2.277,209,209.5
2012,Deep-sea research part ii-topical studies in oceanography,2012,2.243,90,195.5
2013,Deep-sea research part ii-topical studies in oceanography,2013,2.763,226,149.5
2014,Deep-sea research part ii-topical studies in oceanography,2014,2.19,206,158
2015,Deep-sea research part ii-topical studies in oceanography,2015,2.137,205,216
2016,Deep-sea research part ii-topical studies in oceanography,2016,1.713,183,205.5
2017,Deep-sea research part ii-topical studies in oceanography,2017,2.451,201,194
2018,Deep-sea research part ii-topical studies in oceanography,2018,2.43,182,192
2019,Deep-sea research part ii-topical studies in oceanography,2019,2.697,165,191.5
2020,Deep-sea research part ii-topical studies in oceanography,2020,2.732,163,173.5
2021,Deep-sea research part ii-topical studies in oceanography,2021,2.887,29,164
2022,Deep-sea research part ii-topical studies in oceanography,2022,3,110,96
2023,Deep-sea research part ii-topical studies in oceanography,2023,2.3,68,69.5
2024,Deep-sea research part ii-topical studies in oceanography,2024,3,41,89
2022,Documentation et bibliotheques,2022,0.2,11,15
2023,Documentation et bibliotheques,2023,0.1,14,13.5
2024,Documentation et bibliotheques,2024,0.1,18,12.5
1999,Ecoscience,1999,1.04,33,31
2000,Ecoscience,2000,1.349,60,47.5
2001,Ecoscience,2001,1.181,60,46.5
2002,Ecoscience,2002,1.067,60,60
2003,Ecoscience,2003,1.033,60,60
2004,Ecoscience,2004,1.175,55,60
2005,Ecoscience,2005,1.261,60,57.5
2006,Ecoscience,2006,1.174,60,57.5
2007,Ecoscience,2007,1.333,60,60
2008,Ecoscience,2008,1.467,60,60
2009,Ecoscience,2009,1.117,52,60
2010,Ecoscience,2010,1.589,42,56
2011,Ecoscience,2011,1.277,40,47
2012,Ecoscience,2012,1.354,30,41
2013,Ecoscience,2013,1.013,20,35
2014,Ecoscience,2014,0.975,9,25
2015,Ecoscience,2015,0.595,6,14.5
2016,Ecoscience,2016,0.688,4,7.5
2017,Ecoscience,2017,0.696,15,5
2018,Ecoscience,2018,0.625,29,9.5
2019,Ecoscience,2019,1.25,31,22
2020,Ecoscience,2020,1.95,30,30
2021,Ecoscience,2021,1.344,40,30.5
2022,Ecoscience,2022,1.3,11,35
2023,Ecoscience,2023,1.3,15,25.5
2024,Ecoscience,2024,1.3,20,13
1999,Environment,1999,1.354,29,30.5
2000,Environment,2000,1.281,30,30.5
2001,Environment,2001,1.081,32,29.5
2002,Environment,2002,0.984,31,31
2003,Environment,2003,0.508,27,31.5
2004,Environment,2004,0.707,22,29
2005,Environment,2005,1.02,20,24.5
2006,Environment,2006,1.071,21,21
2007,Environment,2007,1.293,24,20.5
2008,Environment,2008,1.444,25,22.5
2009,Environment,2009,1.918,19,24.5
2010,Environment,2010,1.864,23,22
2011,Environment,2011,1.738,17,21
2012,Environment,2012,1.375,17,20
2013,Environment,2013,1.353,16,17
2014,Environment,2014,1.545,16,16.5
2015,Environment,2015,1.781,11,16
2016,Environment,2016,1.852,16,13.5
2017,Environment,2017,2.963,18,13.5
2018,Environment,2018,3.176,13,17
2019,Environment,2019,2.281,15,15.5
2020,Environment,2020,4.103,22,14
2021,Environment,2021,4.108,12,18.5
2022,Environment,2022,3.5,14,17
2023,Environment,2023,5,13,13
2024,Environment,2024,3.9,21,13.5
2008,Environmental impact assessment review,2008,1.205,44,41.5
2009,Environmental impact assessment review,2009,1.659,45,42.5
2010,Environmental impact assessment review,2010,1.944,44,44.5
2011,Environmental impact assessment review,2011,2.596,70,44.5
2012,Environmental impact assessment review,2012,1.851,60,57
2013,Environmental impact assessment review,2013,2.046,70,65
2014,Environmental impact assessment review,2014,2.4,45,65
2015,Environmental impact assessment review,2015,2.922,72,57.5
2016,Environmental impact assessment review,2016,3.094,76,58.5
2017,Environmental impact assessment review,2017,3.054,99,74
2018,Environmental impact assessment review,2018,3.749,79,87.5
2019,Environmental impact assessment review,2019,4.135,74,89
2020,Environmental impact assessment review,2020,4.549,106,76.5
2009,Earth interactions,2009,1.444,13,18
2010,Earth interactions,2010,1,20,13.5
2011,Earth interactions,2011,1.794,34,16.5
2012,Earth interactions,2012,1.709,18,27
2013,Earth interactions,2013,1.404,27,26
2014,Earth interactions,2014,1.844,20,22.5
2015,Earth interactions,2015,1.319,19,23.5
2016,Earth interactions,2016,1.615,24,19.5
2017,Earth interactions,2017,1.884,11,21.5
2018,Earth interactions,2018,2.457,19,17.5
2019,Earth interactions,2019,2.167,7,15
2020,Earth interactions,2020,2.769,6,13
2021,Earth interactions,2021,2,13,6.5
2022,Earth interactions,2022,2,17,9.5
2023,Earth interactions,2023,1.6,14,15
2024,Earth interactions,2024,1.1,6,15.5
2023,Environmental impact assessment review,2023,9.8,314,212
2024,Environmental impact assessment review,2024,11.2,327,274
2022,Etudes inuit studies,2022,NA,0,0
2023,Etudes inuit studies,2023,NA,0,0
2024,Etudes inuit studies,2024,NA,0,0
2005,Geoarchaeology-an international journal,2005,0.357,42,35
2006,Geoarchaeology-an international journal,2006,0.533,39,37.5
2007,Geoarchaeology-an international journal,2007,0.716,38,40.5
2008,Geoarchaeology-an international journal,2008,0.766,36,38.5
2009,Geoarchaeology-an international journal,2009,1.176,34,37
2010,Geoarchaeology-an international journal,2010,0.886,35,35
2011,Geoarchaeology-an international journal,2011,0.87,34,34.5
2012,Geoarchaeology-an international journal,2012,1.029,30,34.5
2013,Geoarchaeology-an international journal,2013,1.672,31,32
2014,Geoarchaeology-an international journal,2014,1.77,30,30.5
2015,Geoarchaeology-an international journal,2015,1.344,29,30.5
2016,Geoarchaeology-an international journal,2016,1.763,35,29.5
2017,Geoarchaeology-an international journal,2017,1.453,41,32
2018,Geoarchaeology-an international journal,2018,1.882,44,38
2019,Geoarchaeology-an international journal,2019,1.906,49,42.5
2020,Geoarchaeology-an international journal,2020,1.882,72,46.5
2021,Geoarchaeology-an international journal,2021,1.664,56,60.5
2022,Geoarchaeology-an international journal,2022,1.7,45,64
2023,Geoarchaeology-an international journal,2023,1.4,33,50.5
2024,Geoarchaeology-an international journal,2024,1.4,22,39
2022,Global crime,2022,2.2,23,14.5
2023,Global crime,2023,1.4,12,17
2024,Global crime,2024,1.9,13,17.5
2019,Global ecology and conservation,2019,2.526,280,116
2020,Global ecology and conservation,2020,3.38,584,213
2021,Global ecology and conservation,2021,3.97,546,432
2022,Global ecology and conservation,2022,4,382,565
2023,Global ecology and conservation,2023,3.5,416,464
2024,Global ecology and conservation,2024,3.4,560,399
1999,Human organization,1999,0.442,45,52
2000,Human organization,2000,0.592,41,49
2001,Human organization,2001,0.895,39,43
2002,Human organization,2002,0.5,35,40
2003,Human organization,2003,0.527,32,37
2004,Human organization,2004,0.701,40,33.5
2005,Human organization,2005,0.597,32,36
2006,Human organization,2006,1.167,36,36
2007,Human organization,2007,0.794,39,34
2008,Human organization,2008,0.56,39,37.5
2009,Human organization,2009,0.474,40,39
2010,Human organization,2010,0.544,39,39.5
2011,Human organization,2011,0.557,39,39.5
2012,Human organization,2012,0.487,37,39
2013,Human organization,2013,0.75,34,38
2014,Human organization,2014,0.437,36,35.5
2015,Human organization,2015,0.814,33,35
2016,Human organization,2016,1.304,33,34.5
2017,Human organization,2017,0.939,32,33
2018,Human organization,2018,0.585,31,32.5
2019,Human organization,2019,0.857,29,31.5
2020,Human organization,2020,0.833,30,30
2021,Human organization,2021,1.322,32,29.5
2022,Human organization,2022,0.8,35,31
2023,Human organization,2023,0.5,31,33.5
2024,Human organization,2024,0.6,44,33
2022,Hydrology,2022,3.2,221,140
2023,Hydrology,2023,3.1,232,203
2024,Hydrology,2024,3.2,218,226.5
2002,International journal of osteoarchaeology,2002,0.314,30,30
2003,International journal of osteoarchaeology,2003,0.41,43,31
2004,International journal of osteoarchaeology,2004,0.625,37,36.5
2005,International journal of osteoarchaeology,2005,0.9,39,40
2006,International journal of osteoarchaeology,2006,0.763,46,38
2007,International journal of osteoarchaeology,2007,0.306,50,42.5
2008,International journal of osteoarchaeology,2008,0.552,45,48
2009,International journal of osteoarchaeology,2009,0.663,51,47.5
2010,International journal of osteoarchaeology,2010,0.802,61,48
2011,International journal of osteoarchaeology,2011,0.955,68,56
2012,International journal of osteoarchaeology,2012,1.085,60,64.5
2013,International journal of osteoarchaeology,2013,1.07,65,64
2014,International journal of osteoarchaeology,2014,1.296,67,62.5
2015,International journal of osteoarchaeology,2015,1.212,89,66
2016,International journal of osteoarchaeology,2016,1.038,103,78
2017,International journal of osteoarchaeology,2017,1.432,91,96
2018,International journal of osteoarchaeology,2018,1.18,71,97
2019,International journal of osteoarchaeology,2019,1.228,106,81
2020,International journal of osteoarchaeology,2020,1.311,111,88.5
2021,International journal of osteoarchaeology,2021,1.361,122,108.5
2022,International journal of osteoarchaeology,2022,1,103,116.5
2023,International journal of osteoarchaeology,2023,1.1,75,112.5
2024,International journal of osteoarchaeology,2024,1,88,89
2000,Journal of comparative physiology b-biochemical systemic and environmental,2000,1.324,75,74
2001,Journal of comparative physiology b-biochemical systemic and environmental,2001,1.08,79,75
2002,Journal of comparative physiology b-biochemical systemic and environmental,2002,1.344,81,77
2005,Journal of comparative physiology b-biochemical systemic and environmental physiology,2005,1.539,58,76
2006,Journal of comparative physiology b-biochemical systemic and environmental physiology,2006,1.74,81,65.5
2007,Journal of comparative physiology b-biochemical systemic and environmental physiology,2007,2.029,88,69.5
2008,Journal of comparative physiology b-biochemical systemic and environmental physiology,2008,1.698,96,84.5
2009,Journal of comparative physiology b-biochemical systemic and environmental physiology,2009,1.897,94,92
2010,Journal of comparative physiology b-biochemical systemic and environmental physiology,2010,2.4,113,95
2011,Journal of comparative physiology b-biochemical systemic and environmental physiology,2011,1.966,97,103.5
2012,Journal of comparative physiology b-biochemical systemic and environmental physiology,2012,2.024,86,105
2013,Journal of comparative physiology b-biochemical systemic and environmental physiology,2013,2.53,90,91.5
2014,Journal of comparative physiology b-biochemical systemic and environmental physiology,2014,2.619,82,88
2015,Journal of comparative physiology b-biochemical systemic and environmental physiology,2015,1.884,70,86
2016,Journal of comparative physiology b-biochemical systemic and environmental physiology,2016,1.947,81,76
1999,Journal of environmental economics and management,1999,1.216,34,45.5
2000,Journal of environmental economics and management,2000,1.118,33,34
2001,Journal of environmental economics and management,2001,1.224,37,33.5
2002,Journal of environmental economics and management,2002,1.114,52,35
2003,Journal of environmental economics and management,2003,1.157,66,44.5
2004,Journal of environmental economics and management,2004,1.076,53,59
2005,Journal of environmental economics and management,2005,1.529,62,59.5
2006,Journal of environmental economics and management,2006,1.496,43,57.5
2007,Journal of environmental economics and management,2007,1.438,46,52.5
2008,Journal of environmental economics and management,2008,1.73,40,44.5
2009,Journal of environmental economics and management,2009,2.581,49,43
2010,Journal of environmental economics and management,2010,2.989,40,44.5
2011,Journal of environmental economics and management,2011,2.169,57,44.5
2012,Journal of environmental economics and management,2012,1.969,58,48.5
2013,Journal of environmental economics and management,2013,2.522,69,57.5
2014,Journal of environmental economics and management,2014,2.394,53,63.5
2015,Journal of environmental economics and management,2015,2.197,42,61
2016,Journal of environmental economics and management,2016,2.305,43,47.5
2017,Journal of environmental economics and management,2017,2.635,77,42.5
2018,Journal of environmental economics and management,2018,4.175,128,60
2019,Journal of environmental economics and management,2019,3.449,77,102.5
2020,Journal of environmental economics and management,2020,4.624,69,102.5
2021,Journal of environmental economics and management,2021,5.84,112,73
2022,Journal of environmental economics and management,2022,4.6,89,90.5
2023,Journal of environmental economics and management,2023,5.5,102,100.5
2024,Journal of environmental economics and management,2024,5.9,136,95.5
2022,Journal of field archaeology,2022,1.9,39,48
2023,Journal of field archaeology,2023,1.5,30,39
2024,Journal of field archaeology,2024,1.5,54,34.5
2018,Journal of geophysical research-oceans,2018,3.235,514,525
2019,Journal of geophysical research-oceans,2019,3.559,515,537
2020,Journal of geophysical research-oceans,2020,3.405,509,514.5
2021,Journal of geophysical research-oceans,2021,3.938,524,512
2022,Journal of geophysical research-oceans,2022,3.6,463,516.5
2023,Journal of geophysical research-oceans,2023,3.3,340,493.5
2024,Journal of geophysical research-oceans,2024,3.4,495,401.5
2019,Journal of comparative physiology b-biochemical systems and environmental physiology,2019,2.042,58,84
2020,Journal of comparative physiology b-biochemical systems and environmental physiology,2020,2.2,81,70
2021,Journal of comparative physiology b-biochemical systems and environmental physiology,2021,2.23,88,69.5
2022,Journal of comparative physiology b-biochemical systems and environmental physiology,2022,2,49,84.5
2023,Journal of comparative physiology b-biochemical systems and environmental physiology,2023,1.7,52,68.5
2024,Journal of comparative physiology b-biochemical systems and environmental physiology,2024,1.6,66,50.5
2012,Journal of travel research,2012,1.899,61,44.5
2013,Journal of travel research,2013,1.884,59,56
2014,Journal of travel research,2014,2.442,57,60
2015,Journal of travel research,2015,2.905,53,58
2016,Journal of travel research,2016,4.564,77,55
2017,Journal of travel research,2017,5.169,74,65
2018,Journal of travel research,2018,5.338,76,75.5
2019,Journal of travel research,2019,7.027,87,75
2020,Journal of travel research,2020,10.982,182,81.5
2021,Journal of travel research,2021,8.933,117,134.5
2022,Journal of travel research,2022,8.9,83,149.5
2023,Journal of travel research,2023,8,133,100
2024,Journal of travel research,2024,7,109,108
2023,Ornithological applications,2023,2.6,52,51.5
2024,Ornithological applications,2024,2.7,54,51
2023,Ornithology,2023,2.1,46,52.5
2024,Ornithology,2024,1.9,44,46
2022,Pacific historical review,2022,0.2,16,17
2023,Pacific historical review,2023,0.4,21,17
2024,Pacific historical review,2024,0.2,23,18.5
1999,Palaeogeography palaeoclimatology palaeoecology,1999,1.601,180,146.5
2000,Palaeogeography palaeoclimatology palaeoecology,2000,1.467,183,157.5
2001,Palaeogeography palaeoclimatology palaeoecology,2001,1.449,193,181.5
2002,Palaeogeography palaeoclimatology palaeoecology,2002,1.497,205,188
2003,Palaeogeography palaeoclimatology palaeoecology,2003,1.766,249,199
2004,Palaeogeography palaeoclimatology palaeoecology,2004,1.974,246,227
2005,Palaeogeography palaeoclimatology palaeoecology,2005,1.899,266,247.5
2006,Palaeogeography palaeoclimatology palaeoecology,2006,1.822,320,256
2007,Palaeogeography palaeoclimatology palaeoecology,2007,2.162,366,293
2008,Palaeogeography palaeoclimatology palaeoecology,2008,2.405,320,343
2009,Palaeogeography palaeoclimatology palaeoecology,2009,2.646,285,343
2010,Palaeogeography palaeoclimatology palaeoecology,2010,2.39,371,302.5
2011,Palaeogeography palaeoclimatology palaeoecology,2011,2.392,366,328
2012,Palaeogeography palaeoclimatology palaeoecology,2012,2.745,327,368.5
2013,Palaeogeography palaeoclimatology palaeoecology,2013,2.752,379,346.5
2014,Palaeogeography palaeoclimatology palaeoecology,2014,2.339,368,353
2015,Palaeogeography palaeoclimatology palaeoecology,2015,2.525,410,373.5
2016,Palaeogeography palaeoclimatology palaeoecology,2016,2.578,486,389
2017,Palaeogeography palaeoclimatology palaeoecology,2017,2.375,443,448
2018,Palaeogeography palaeoclimatology palaeoecology,2018,2.616,436,464.5
2019,Palaeogeography palaeoclimatology palaeoecology,2019,2.833,441,439.5
2020,Palaeogeography palaeoclimatology palaeoecology,2020,3.318,451,438.5
2021,Palaeogeography palaeoclimatology palaeoecology,2021,3.565,533,446
2022,Palaeogeography palaeoclimatology palaeoecology,2022,3,358,492
2023,Palaeogeography palaeoclimatology palaeoecology,2023,2.6,423,445.5
2024,Palaeogeography palaeoclimatology palaeoecology,2024,2.7,472,390.5
1999,Photogrammetric engineering and remote sensing,1999,1.006,101,79.5
2000,Photogrammetric engineering and remote sensing,2000,0.783,88,83
2001,Photogrammetric engineering and remote sensing,2001,0.841,88,94.5
2002,Photogrammetric engineering and remote sensing,2002,1.176,94,88
2003,Photogrammetric engineering and remote sensing,2003,0.857,14,91
2004,Photogrammetric engineering and remote sensing,2004,1.574,104,54
2005,Photogrammetric engineering and remote sensing,2005,1,107,59
2006,Photogrammetric engineering and remote sensing,2006,1.284,106,105.5
2007,Photogrammetric engineering and remote sensing,2007,1.103,102,106.5
2008,Photogrammetric engineering and remote sensing,2008,1.846,108,104
2009,Photogrammetric engineering and remote sensing,2009,1.11,96,105
2010,Photogrammetric engineering and remote sensing,2010,0.931,90,102
2011,Photogrammetric engineering and remote sensing,2011,1.048,82,93
2012,Photogrammetric engineering and remote sensing,2012,1.802,87,86
2013,Photogrammetric engineering and remote sensing,2013,2.071,79,84.5
2014,Photogrammetric engineering and remote sensing,2014,1.608,84,83
2015,Photogrammetric engineering and remote sensing,2015,1.288,62,81.5
2016,Photogrammetric engineering and remote sensing,2016,2.493,72,73
2017,Photogrammetric engineering and remote sensing,2017,3.15,56,67
2018,Photogrammetric engineering and remote sensing,2018,1.367,57,64
2019,Photogrammetric engineering and remote sensing,2019,1.265,64,56.5
2020,Photogrammetric engineering and remote sensing,2020,1.083,49,60.5
2021,Photogrammetric engineering and remote sensing,2021,1.469,68,56.5
2022,Photogrammetric engineering and remote sensing,2022,1.3,57,58.5
2023,Photogrammetric engineering and remote sensing,2023,1,58,62.5
2024,Photogrammetric engineering and remote sensing,2024,2,49,57.5
2001,Physiological and biochemical zoology,2001,1.802,94,81
2002,Physiological and biochemical zoology,2002,1.538,50,91
2003,Physiological and biochemical zoology,2003,1.542,70,72
2004,Physiological and biochemical zoology,2004,1.465,72,60
2005,Physiological and biochemical zoology,2005,2.145,96,71
2006,Physiological and biochemical zoology,2006,2.011,98,84
2007,Physiological and biochemical zoology,2007,2.227,56,97
2008,Physiological and biochemical zoology,2008,2.532,86,77
2009,Physiological and biochemical zoology,2009,2.19,74,71
2010,Physiological and biochemical zoology,2010,2.394,90,80
2011,Physiological and biochemical zoology,2011,2.201,57,82
2012,Physiological and biochemical zoology,2012,2.456,64,73.5
2013,Physiological and biochemical zoology,2013,2.05,69,60.5
2014,Physiological and biochemical zoology,2014,2.398,77,66.5
2015,Physiological and biochemical zoology,2015,2.007,57,73
2016,Physiological and biochemical zoology,2016,2.104,46,67
2017,Physiological and biochemical zoology,2017,2.291,64,51.5
2018,Physiological and biochemical zoology,2018,1.873,40,55
2019,Physiological and biochemical zoology,2019,2.25,53,52
2020,Physiological and biochemical zoology,2020,2.247,36,46.5
2021,Physiological and biochemical zoology,2021,2.322,31,44.5
2022,Physiological and biochemical zoology,2022,1.6,40,33.5
2023,Physiological and biochemical zoology,2023,1.8,40,35.5
2024,Physiological and biochemical zoology,2024,1.8,0,40
2000,Proceedings of the national academy of sciences of the united states of america,2000,10.789,2505,2662.5
2001,Proceedings of the national academy of sciences of the united states of america,2001,10.896,2579,2557
2002,Proceedings of the national academy of sciences of the united states of america,2002,10.7,2911,2542
2003,Proceedings of the national academy of sciences of the united states of america,2003,10.272,2725,2745
2004,Proceedings of the national academy of sciences of the united states of america,2004,10.452,3084,2818
2005,Proceedings of the national academy of sciences of the united states of america,2005,10.231,3200,2904.5
2006,Proceedings of the national academy of sciences of the united states of america,2006,9.643,3306,3142
2007,Proceedings of the national academy of sciences of the united states of america,2007,9.598,NA,3253
2010,Proceedings of the national academy of sciences of the united states of america,2010,9.771,3764,3636.5
2011,Proceedings of the national academy of sciences of the united states of america,2011,9.681,3614,3764.5
2012,Proceedings of the national academy of sciences of the united states of america,2012,9.737,NA,3689
2019,Proceedings of the national academy of sciences of the united states of america,2019,9.412,NA,3265
2023,Proceedings of the national academy of sciences of the united states of america,2023,9.4,NA,3147.5
2007,Proceedings of the royal society b-biological sciences,2007,4.112,403,378.5
2008,Proceedings of the royal society b-biological sciences,2008,4.248,347,406.5
2009,Proceedings of the royal society b-biological sciences,2009,4.857,524,375
2010,Proceedings of the royal society b-biological sciences,2010,5.064,452,435.5
2011,Proceedings of the royal society b-biological sciences,2011,5.415,466,488
2012,Proceedings of the royal society b-biological sciences,2012,5.683,624,459
2013,Proceedings of the royal society b-biological sciences,2013,5.292,513,545
2014,Proceedings of the royal society b-biological sciences,2014,5.051,625,568.5
2015,Proceedings of the royal society b-biological sciences,2015,4.823,599,569
2016,Proceedings of the royal society b-biological sciences,2016,4.94,542,612
2017,Proceedings of the royal society b-biological sciences,2017,4.847,563,570.5
2018,Proceedings of the royal society b-biological sciences,2018,4.304,540,552.5
2019,Proceedings of the royal society b-biological sciences,2019,4.638,577,551.5
2020,Proceedings of the royal society b-biological sciences,2020,5.349,594,558.5
2021,Proceedings of the royal society b-biological sciences,2021,5.531,590,585.5
2022,Proceedings of the royal society b-biological sciences,2022,4.7,520,592
2023,Proceedings of the royal society b-biological sciences,2023,3.8,540,555
2024,Proceedings of the royal society b-biological sciences,2024,3.5,543,530
1999,Progress in physical geography,1999,1.435,26,31
2000,Progress in physical geography,2000,0.93,32,28.5
2001,Progress in physical geography,2001,1.19,30,29
2002,Progress in physical geography,2002,1.048,26,31
2003,Progress in physical geography,2003,1.036,32,28
2004,Progress in physical geography,2004,0.845,24,29
2005,Progress in physical geography,2005,1.018,30,28
2006,Progress in physical geography,2006,1.278,39,27
2007,Progress in physical geography,2007,2.377,35,34.5
2008,Progress in physical geography,2008,3.014,29,37
2009,Progress in physical geography,2009,2.261,41,32
2010,Progress in physical geography,2010,2.28,34,35
2011,Progress in physical geography,2011,3.36,40,37.5
2012,Progress in physical geography,2012,3.419,38,37
2013,Progress in physical geography,2013,3.885,42,39
2014,Progress in physical geography,2014,2.612,39,40
2015,Progress in physical geography,2015,2.728,41,40.5
2016,Progress in physical geography,2016,3.375,38,40
2017,Progress in physical geography,2017,4.177,41,39.5
1999,Psychological reports,1999,0.266,382,454.5
2000,Psychological reports,2000,0.238,341,409
2001,Psychological reports,2001,0.277,319,361.5
2002,Psychological reports,2002,0.342,359,330
2003,Psychological reports,2003,0.277,395,339
2004,Psychological reports,2004,0.341,385,377
2005,Psychological reports,2005,0.281,280,390
2006,Psychological reports,2006,0.364,267,332.5
2007,Psychological reports,2007,0.353,309,273.5
2008,Psychological reports,2008,0.309,214,288
2009,Psychological reports,2009,0.346,205,261.5
2010,Psychological reports,2010,0.439,216,209.5
2011,Psychological reports,2011,0.439,176,210.5
2012,Psychological reports,2012,0.372,170,196
2013,Psychological reports,2013,0.402,148,173
2014,Psychological reports,2014,0.56,142,159
2015,Psychological reports,2015,0.414,138,145
2016,Psychological reports,2016,0.629,108,140
2017,Psychological reports,2017,0.667,65,123
2018,Psychological reports,2018,1.023,63,86.5
2019,Psychological reports,2019,1.535,128,64
2020,Psychological reports,2020,2.053,229,95.5
2021,Psychological reports,2021,1.789,173,178.5
2022,Psychological reports,2022,2.3,204,201
2023,Psychological reports,2023,1.7,223,188.5
2024,Psychological reports,2024,1.6,215,213.5
2020,Progress in physical geography-earth and environment,2020,3.795,70,43.5
2021,Progress in physical geography-earth and environment,2021,4.283,42,57
2022,Progress in physical geography-earth and environment,2022,3.9,50,56
2023,Progress in physical geography-earth and environment,2023,3,35,46
2024,Progress in physical geography-earth and environment,2024,3.6,30,42.5
1999,Relations industrielles-industrial relations,1999,0.169,27,29.5
2000,Relations industrielles-industrial relations,2000,0.382,24,27.5
2001,Relations industrielles-industrial relations,2001,0.196,26,25.5
2002,Relations industrielles-industrial relations,2002,0.54,24,25
2003,Relations industrielles-industrial relations,2003,0.46,18,25
2004,Relations industrielles-industrial relations,2004,0.229,18,21
2005,Relations industrielles-industrial relations,2005,0.5,18,18
2006,Relations industrielles-industrial relations,2006,0.367,12,18
2007,Relations industrielles-industrial relations,2007,0.429,24,15
2008,Relations industrielles-industrial relations,2008,0.312,27,18
2009,Relations industrielles-industrial relations,2009,0.216,29,25.5
2010,Relations industrielles-industrial relations,2010,0.25,28,28
2011,Relations industrielles-industrial relations,2011,0.333,25,28.5
2012,Relations industrielles-industrial relations,2012,0.434,28,26.5
2013,Relations industrielles-industrial relations,2013,0.358,27,26.5
2014,Relations industrielles-industrial relations,2014,0.218,24,27.5
2015,Relations industrielles-industrial relations,2015,0.224,23,25.5
2016,Relations industrielles-industrial relations,2016,0.246,28,23.5
2017,Relations industrielles-industrial relations,2017,0.431,30,25.5
2018,Relations industrielles-industrial relations,2018,0.466,29,29
2019,Relations industrielles-industrial relations,2019,0.441,30,29.5
2020,Relations industrielles-industrial relations,2020,0.169,32,29.5
2021,Relations industrielles-industrial relations,2021,0.468,30,31
2022,Relations industrielles-industrial relations,2022,0.4,22,31
2023,Relations industrielles-industrial relations,2023,0.4,7,26
2024,Relations industrielles-industrial relations,2024,0.6,14,14.5
2003,Renewable & sustainable energy reviews,2003,1.579,24,19
2004,Renewable & sustainable energy reviews,2004,1.614,30,22
2005,Renewable & sustainable energy reviews,2005,1.315,35,27
2006,Renewable & sustainable energy reviews,2006,1.754,27,32.5
2007,Renewable & sustainable energy reviews,2007,3.774,119,31
2008,Renewable & sustainable energy reviews,2008,4.075,128,73
2009,Renewable & sustainable energy reviews,2009,4.842,255,123.5
2010,Renewable & sustainable energy reviews,2010,4.595,305,191.5
2011,Renewable & sustainable energy reviews,2011,6.018,480,280
2012,Renewable & sustainable energy reviews,2012,5.627,584,392.5
2013,Renewable & sustainable energy reviews,2013,5.51,672,532
2014,Renewable & sustainable energy reviews,2014,5.901,835,628
2015,Renewable & sustainable energy reviews,2015,6.798,NA,753.5
2019,Renewable & sustainable energy reviews,2019,12.11,639,1271.5
2020,Renewable & sustainable energy reviews,2020,14.982,642,878.5
2021,Renewable & sustainable energy reviews,2021,16.799,1335,640.5
2022,Renewable & sustainable energy reviews,2022,15.9,987,988.5
2023,Renewable & sustainable energy reviews,2023,16.3,925,1161
2024,Renewable & sustainable energy reviews,2024,16.3,845,956
1999,Reviews in fish biology and fisheries,1999,4.444,8,13.5
2000,Reviews in fish biology and fisheries,2000,3.214,4,11
2001,Reviews in fish biology and fisheries,2001,2.379,6,6
2002,Reviews in fish biology and fisheries,2002,1.206,0,5
2003,Reviews in fish biology and fisheries,2003,1.386,5,3
2004,Reviews in fish biology and fisheries,2004,1.104,0,2.5
2005,Reviews in fish biology and fisheries,2005,0.867,8,2.5
2006,Reviews in fish biology and fisheries,2006,1.512,11,4
2007,Reviews in fish biology and fisheries,2007,2.531,42,9.5
2008,Reviews in fish biology and fisheries,2008,1.792,20,26.5
2009,Reviews in fish biology and fisheries,2009,2.161,26,31
2010,Reviews in fish biology and fisheries,2010,3.609,40,23
2011,Reviews in fish biology and fisheries,2011,2.5,49,33
2012,Reviews in fish biology and fisheries,2012,2.27,52,44.5
2013,Reviews in fish biology and fisheries,2013,2.564,32,50.5
2014,Reviews in fish biology and fisheries,2014,2.726,49,42
2015,Reviews in fish biology and fisheries,2015,3.222,38,40.5
2016,Reviews in fish biology and fisheries,2016,3.575,39,43.5
2017,Reviews in fish biology and fisheries,2017,3.299,40,38.5
2018,Reviews in fish biology and fisheries,2018,3.506,47,39.5
2019,Reviews in fish biology and fisheries,2019,4.402,46,43.5
2020,Reviews in fish biology and fisheries,2020,4.43,38,46.5
2021,Reviews in fish biology and fisheries,2021,6.845,62,42
2022,Reviews in fish biology and fisheries,2022,6.2,53,50
2023,Reviews in fish biology and fisheries,2023,5.9,73,57.5
2024,Reviews in fish biology and fisheries,2024,4.6,71,63
1999,Revista de biologia tropical,1999,0.121,90,21.5
2000,Revista de biologia tropical,2000,0.112,72,66.5
2001,Revista de biologia tropical,2001,0.097,109,81
2002,Revista de biologia tropical,2002,0.107,67,90.5
2003,Revista de biologia tropical,2003,0.354,127,88
2004,Revista de biologia tropical,2004,0.22,57,97
2005,Revista de biologia tropical,2005,0.322,56,92
2006,Revista de biologia tropical,2006,0.217,22,56.5
2007,Revista de biologia tropical,2007,0.274,112,39
2008,Revista de biologia tropical,2008,0.199,73,67
2009,Revista de biologia tropical,2009,0.329,103,92.5
2010,Revista de biologia tropical,2010,0.435,138,88
2011,Revista de biologia tropical,2011,0.459,154,120.5
2012,Revista de biologia tropical,2012,0.553,112,146
2013,Revista de biologia tropical,2013,0.61,156,133
2014,Revista de biologia tropical,2014,0.524,129,134
2015,Revista de biologia tropical,2015,0.441,68,142.5
2016,Revista de biologia tropical,2016,0.495,152,98.5
2017,Revista de biologia tropical,2017,0.511,151,110
2018,Revista de biologia tropical,2018,0.581,152,151.5
2019,Revista de biologia tropical,2019,0.446,105,151.5
2020,Revista de biologia tropical,2020,0.723,144,128.5
2021,Revista de biologia tropical,2021,0.803,140,124.5
2022,Revista de biologia tropical,2022,0.6,43,142
2023,Revista de biologia tropical,2023,0.8,94,91.5
2024,Revista de biologia tropical,2024,0.6,85,68.5
2022,Recherche en soins infirmiers,2022,0.3,20,28.5
2023,Recherche en soins infirmiers,2023,0.2,16,22.5
2024,Recherche en soins infirmiers,2024,0.2,15,18
2009,Revue de geographie alpine-journal of alpine research,2009,0,0,19.5
2013,Revue de geographie alpine-journal of alpine research,2013,0.231,0,8
2014,Revue de geographie alpine-journal of alpine research,2014,0.121,11,0
2015,Revue de geographie alpine-journal of alpine research,2015,0.086,15,5.5
2016,Revue de geographie alpine-journal of alpine research,2016,0.365,32,13
2017,Revue de geographie alpine-journal of alpine research,2017,0.433,25,23.5
2018,Revue de geographie alpine-journal of alpine research,2018,0.125,33,28.5
2019,Revue de geographie alpine-journal of alpine research,2019,0.224,17,29
2020,Revue de geographie alpine-journal of alpine research,2020,0.237,25,25
2021,Revue de geographie alpine-journal of alpine research,2021,0.431,45,21
2022,Revue de geographie alpine-journal of alpine research,2022,0.4,25,35
2023,Revue de geographie alpine-journal of alpine research,2023,0.2,24,35
2024,Revue de geographie alpine-journal of alpine research,2024,0.3,21,24.5
1999,Science of the total environment,1999,1.126,397,318
2000,Science of the total environment,2000,1.252,379,366.5
2001,Science of the total environment,2001,1.396,368,388
2002,Science of the total environment,2002,1.537,355,373.5
2003,Science of the total environment,2003,1.455,338,361.5
2004,Science of the total environment,2004,1.925,375,346.5
2005,Science of the total environment,2005,2.224,368,356.5
2006,Science of the total environment,2006,2.359,710,371.5
2007,Science of the total environment,2007,2.182,564,539
2008,Science of the total environment,2008,2.579,673,637
2009,Science of the total environment,2009,2.905,648,618.5
2010,Science of the total environment,2010,3.19,697,660.5
2011,Science of the total environment,2011,3.286,648,672.5
2012,Science of the total environment,2012,3.258,992,672.5
2013,Science of the total environment,2013,3.163,932,820
2014,Science of the total environment,2014,4.099,NA,962
2019,Science of the total environment,2019,6.551,NA,3481.5
1999,Society & natural resources,1999,0.782,45,43.5
2000,Society & natural resources,2000,0.526,46,47.5
2001,Society & natural resources,2001,0.846,57,45.5
2002,Society & natural resources,2002,0.553,57,51.5
2003,Society & natural resources,2003,0.842,54,57
2004,Society & natural resources,2004,0.82,55,55.5
2005,Society & natural resources,2005,1.339,55,54.5
2006,Society & natural resources,2006,1.064,58,55
2007,Society & natural resources,2007,1.053,62,56.5
2008,Society & natural resources,2008,1.167,67,60
2009,Society & natural resources,2009,1.016,61,64.5
2010,Society & natural resources,2010,1.117,83,64
2011,Society & natural resources,2011,1.09,94,72
2012,Society & natural resources,2012,1.034,91,88.5
2013,Society & natural resources,2013,1.065,103,92.5
2014,Society & natural resources,2014,1.284,91,97
2015,Society & natural resources,2015,1.758,85,97
2016,Society & natural resources,2016,1.534,101,88
2017,Society & natural resources,2017,1.823,95,93
2018,Society & natural resources,2018,1.949,87,98
2019,Society & natural resources,2019,1.813,83,91
2020,Society & natural resources,2020,2.821,128,85
2021,Society & natural resources,2021,3.024,67,105.5
2022,Society & natural resources,2022,2.5,83,97.5
2023,Society & natural resources,2023,2.2,106,75
2024,Society & natural resources,2024,1.9,61,94.5
1999,Soil & tillage research,1999,0.573,97,118
2000,Soil & tillage research,2000,0.735,85,126.5
2001,Soil & tillage research,2001,0.978,98,91
2002,Soil & tillage research,2002,1.115,99,91.5
2003,Soil & tillage research,2003,1.31,95,98.5
2004,Soil & tillage research,2004,1.237,92,97
2005,Soil & tillage research,2005,1.128,102,93.5
2006,Soil & tillage research,2006,1.619,171,97
2007,Soil & tillage research,2007,1.846,219,136.5
2008,Soil & tillage research,2008,1.695,80,195
2009,Soil & tillage research,2009,2.883,189,149.5
2010,Soil & tillage research,2010,2.1,105,134.5
2011,Soil & tillage research,2011,2.425,110,147
2012,Soil & tillage research,2012,2.367,118,107.5
2013,Soil & tillage research,2013,2.575,141,114
2014,Soil & tillage research,2014,2.622,113,129.5
2015,Soil & tillage research,2015,2.709,166,127
2016,Soil & tillage research,2016,3.401,192,139.5
2017,Soil & tillage research,2017,3.824,174,179
2018,Soil & tillage research,2018,4.675,204,183
2019,Soil & tillage research,2019,4.601,328,189
2020,Soil & tillage research,2020,5.374,241,266
2021,Soil & tillage research,2021,7.365999999999999,419,284.5
2022,Soil & tillage research,2022,6.5,255,330
2023,Soil & tillage research,2023,6.1,259,337
2024,Soil & tillage research,2024,6.8,353,257
1999,Soil biology & biochemistry,1999,1.49,214,248
2000,Soil biology & biochemistry,2000,1.747,230,233.5
2001,Soil biology & biochemistry,2001,1.755,239,222
2002,Soil biology & biochemistry,2002,1.902,203,234.5
2003,Soil biology & biochemistry,2003,1.915,177,221
2004,Soil biology & biochemistry,2004,2.234,224,190
2005,Soil biology & biochemistry,2005,2.414,254,200.5
2006,Soil biology & biochemistry,2006,2.623,377,239
2007,Soil biology & biochemistry,2007,2.58,343,315.5
2008,Soil biology & biochemistry,2008,2.926,349,360
2009,Soil biology & biochemistry,2009,2.978,332,346
2010,Soil biology & biochemistry,2010,3.242,289,340.5
2011,Soil biology & biochemistry,2011,3.504,303,310.5
2012,Soil biology & biochemistry,2012,3.654,244,296
2013,Soil biology & biochemistry,2013,4.41,401,273.5
2014,Soil biology & biochemistry,2014,3.932,367,322.5
2015,Soil biology & biochemistry,2015,4.152,332,384
2016,Soil biology & biochemistry,2016,4.857,307,349.5
2017,Soil biology & biochemistry,2017,4.926,302,319.5
2018,Soil biology & biochemistry,2018,5.29,355,304.5
2019,Soil biology & biochemistry,2019,5.795,298,328.5
2020,Soil biology & biochemistry,2020,7.609,315,326.5
2021,Soil biology & biochemistry,2021,8.545999999999998,318,306.5
2022,Soil biology & biochemistry,2022,9.7,319,316.5
2023,Soil biology & biochemistry,2023,9.8,254,318.5
2024,Soil biology & biochemistry,2024,10.3,286,286.5
2017,Science of nature,2017,1.789,100,80.5
2018,Science of nature,2018,1.839,66,96.5
2019,Science of nature,2019,2.09,65,83
2020,Science of nature,2020,1.954,46,65.5
2021,Science of nature,2021,2.427,59,55.5
2022,Science of nature,2022,1.8,55,52.5
2023,Science of nature,2023,2.1,52,57
2024,Science of nature,2024,2.1,62,53.5
2020,Virus evolution,2020,7.989,87,47.5
2021,Virus evolution,2021,5.614,112,70
2022,Virus evolution,2022,6.9,114,99.5
2023,Virus evolution,2023,5.5,84,113
2024,Virus evolution,2024,4,117,99
1999,Water air and soil pollution,1999,0.971,241,256.5
2000,Water air and soil pollution,2000,0.632,224,243.5
2001,Water air and soil pollution,2001,0.772,460,232.5
2002,Water air and soil pollution,2002,0.526,207,342
2003,Water air and soil pollution,2003,0.883,207,333.5
2004,Water air and soil pollution,2004,1.058,215,207
2005,Water air and soil pollution,2005,1.258,205,211
2006,Water air and soil pollution,2006,1.205,201,210
2007,Water air and soil pollution,2007,1.224,279,203
2008,Water air and soil pollution,2008,1.398,249,240
2009,Water air and soil pollution,2009,1.676,288,264
2010,Water air and soil pollution,2010,1.765,323,268.5
2011,Water air and soil pollution,2011,1.625,420,305.5
2012,Water air and soil pollution,2012,1.748,504,371.5
2013,Water air and soil pollution,2013,1.685,414,462
2014,Water air and soil pollution,2014,1.554,435,459
2015,Water air and soil pollution,2015,1.551,454,424.5
2016,Water air and soil pollution,2016,1.702,474,444.5
2017,Water air and soil pollution,2017,1.769,464,464
2018,Water air and soil pollution,2018,1.774,398,469
2019,Water air and soil pollution,2019,1.9,311,431
2020,Water air and soil pollution,2020,2.52,565,354.5
2021,Water air and soil pollution,2021,2.984,501,438
2022,Water air and soil pollution,2022,2.9,527,533
2023,Water air and soil pollution,2023,3.8,783,514
2024,Water air and soil pollution,2024,3,820,655
2022,World archaeology,2022,1.3,41,29
2023,World archaeology,2023,1.8,23,43.5
2024,World archaeology,2024,1.5,42,32
1999,Zeitschrift fur naturforschung section b-a journal of chemical sciences,1999,0.744,254,248.5
2000,Zeitschrift fur naturforschung section b-a journal of chemical sciences,2000,0.635,185,246.5
2001,Zeitschrift fur naturforschung section b-a journal of chemical sciences,2001,0.761,178,219.5
2002,Zeitschrift fur naturforschung section b-a journal of chemical sciences,2002,0.774,169,181.5
2003,Zeitschrift fur naturforschung section b-a journal of chemical sciences,2003,0.729,193,173.5
2004,Zeitschrift fur naturforschung section b-a journal of chemical sciences,2004,0.647,238,181
2005,Zeitschrift fur naturforschung section b-a journal of chemical sciences,2005,0.798,220,215.5
2006,Zeitschrift fur naturforschung section b-a journal of chemical sciences,2006,0.8249999999999998,233,229
2007,Zeitschrift fur naturforschung section b-a journal of chemical sciences,2007,0.77,240,226.5
2008,Zeitschrift fur naturforschung section b-a journal of chemical sciences,2008,0.852,224,236.5
2009,Zeitschrift fur naturforschung section b-a journal of chemical sciences,2009,0.953,233,232
2010,Zeitschrift fur naturforschung section b-a journal of chemical sciences,2010,0.816,208,228.5
2011,Zeitschrift fur naturforschung section b-a journal of chemical sciences,2011,0.864,197,220.5
2012,Zeitschrift fur naturforschung section b-a journal of chemical sciences,2012,0.899,175,202.5
2013,Zeitschrift fur naturforschung section b-a journal of chemical sciences,2013,0.772,176,186
2014,Zeitschrift fur naturforschung section b-a journal of chemical sciences,2014,0.744,168,175.5
2015,Zeitschrift fur naturforschung section b-a journal of chemical sciences,2015,0.686,122,172
2016,Zeitschrift fur naturforschung section b-a journal of chemical sciences,2016,0.631,150,145
2017,Zeitschrift fur naturforschung section b-a journal of chemical sciences,2017,0.757,129,136
2018,Zeitschrift fur naturforschung section b-a journal of chemical sciences,2018,0.961,120,139.5
2019,Zeitschrift fur naturforschung section b-a journal of chemical sciences,2019,0.839,114,124.5
2020,Zeitschrift fur naturforschung section b-a journal of chemical sciences,2020,1.047,121,117
2021,Zeitschrift fur naturforschung section b-a journal of chemical sciences,2021,1.115,107,117.5
2022,Zeitschrift fur naturforschung section b-a journal of chemical sciences,2022,0.8,88,114
2023,Zeitschrift fur naturforschung section b-a journal of chemical sciences,2023,0.8,70,97.5
2024,Zeitschrift fur naturforschung section b-a journal of chemical sciences,2024,0.8,84,79
2011,Zoologia,2011,0.587,110,111.5
2012,Zoologia,2012,0.658,68,115.5
2013,Zoologia,2013,0.652,92,89
2014,Zoologia,2014,0.538,69,80
2015,Zoologia,2015,0.584,68,80.5
2016,Zoologia,2016,0.642,37,68.5
2017,Zoologia,2017,0.723,39,52.5
2018,Zoologia,2018,0.743,49,38
2019,Zoologia,2019,0.852,38,44
2020,Zoologia,2020,0.92,33,43.5
2021,Zoologia,2021,0.859,25,35.5
2022,Zoologia,2022,0.9,24,29
2023,Zoologia,2023,0.7,24,24.5
2024,Zoologia,2024,1.8,71,24
